,word,count,percent
0,0,560,59.00948
1,1,137,14.43625
2,2,78,8.21918
3,3,49,5.16333
4,4,35,3.68809
5,5,20,2.10748
6,7,14,1.47524
7,6,13,1.36986
8,9,12,1.26449
9,8,8,0.84299
10,10,6,0.63224
11,11,4,0.4215
12,12,4,0.4215
13,17,2,0.21075
14,25,1,0.10537
15,15,1,0.10537
16,26,1,0.10537
17,39,1,0.10537
18,18,1,0.10537
19,14,1,0.10537
20,22,1,0.10537
