,word,count,percent
0,0,726,50.27701
1,1,201,13.91967
2,2,125,8.65651
3,3,88,6.09418
4,4,74,5.12465
5,5,51,3.53186
6,6,36,2.49307
7,7,32,2.21607
8,9,20,1.38504
9,10,19,1.31579
10,8,12,0.83102
11,11,11,0.76177
12,12,8,0.55402
13,13,7,0.48476
14,15,5,0.34626
15,14,5,0.34626
16,26,4,0.27701
17,17,4,0.27701
18,21,3,0.20776
19,20,2,0.1385
20,22,2,0.1385
21,18,2,0.1385
22,40,1,0.06925
23,34,1,0.06925
24,25,1,0.06925
25,35,1,0.06925
26,16,1,0.06925
27,267,1,0.06925
28,31,1,0.06925
