,word,count,percent
0,en,959,99.68815
1,fa,2,0.2079
2,ru,1,0.10395
