,word,count,percent
0,18,12,22.64151
1,20,6,11.32075
2,10,5,9.43396
3,24,5,9.43396
4,30,4,7.54717
5,12,2,3.77358
6,14,2,3.77358
7,15,2,3.77358
8,0,2,3.77358
9,4,1,1.88679
10,40,1,1.88679
11,75,1,1.88679
12,9,1,1.88679
13,16,1,1.88679
14,80,1,1.88679
15,28,1,1.88679
16,2,1,1.88679
17,6,1,1.88679
18,36,1,1.88679
19,42,1,1.88679
20,1,1,1.88679
21,320,1,1.88679
