,word,count,percent
0,2022,309,64.64435
1,2022,166,34.72803
2,4149,1,0.20921
3,4098,1,0.20921
4,7478,1,0.20921
