,word,count,percent
0,2022,747,78.71444
1,2021,164,17.28135
2,2023,38,4.00421
