,word,count,percent
0,2022,748,51.80055
1,2021,658,45.56787
2,2023,38,2.63158
